종목코드,탭코드,종목명,현재가,등락구분,전일비,등락률,순자산가치(NAV),3개월수익률,거래량,거래대금(백만),시가총액(억),유형,브랜드,인버스,레버리지,환헤지H
069500,1,KODEX 200,41005,2,90,0.22,41021.0,-4.5715,3625791,148397,47135,국내 시장지수,KODEX,False,False,False
102110,1,TIGER 200,41030,2,100,0.24,41052.0,-4.5921,393463,16106,22382,국내 시장지수,TIGER,False,False,False
371460,4,TIGER 차이나전기차SOLACTIVE,17610,5,-340,-1.89,,31.5982,5201031,92473,21893,해외 주식,TIGER,False,False,False
252670,3,KODEX 200선물인버스2X,2090,5,-5,-0.24,2092.0,8.2687,156504906,328631,21345,국내 파생,KODEX,True,False,False
153130,6,KODEX 단기채권,102900,2,5,0.0,102898.0,0.0291,1611612,165818,21280,채권,KODEX,False,False,False
102780,2,KODEX 삼성그룹,10295,5,-25,-0.24,10307.0,3.3033,105050,1078,16853,국내 업종/테마,KODEX,False,False,False
122630,3,KODEX 레버리지,25540,2,100,0.39,25595.0,-9.321,14259586,362410,16448,국내 파생,KODEX,False,True,False
157450,6,TIGER 단기통안채,100305,2,5,0.0,100300.0,0.0648,1857,186,15734,채권,TIGER,False,False,False
214980,6,KODEX 단기채권PLUS,103200,5,-10,-0.01,103204.0,0.0533,3590,370,14638,채권,KODEX,False,False,False
273130,6,KODEX 종합채권(AA-이상)액티브,109310,5,-110,-0.1,109350.0,0.4775,3153,344,14061,채권,KODEX,False,False,False
292150,2,TIGER TOP10,13875,5,-20,-0.14,13898.0,-3.137,173947,2408,12710,국내 업종/테마,TIGER,False,False,False
278530,1,KODEX 200TR,13415,2,25,0.19,13434.0,-4.6297,20777,278,12174,국내 시장지수,KODEX,False,False,False
133690,4,TIGER 미국나스닥100,81555,5,-145,-0.18,,18.3269,140020,11392,11825,해외 주식,TIGER,False,False,False
114800,3,KODEX 인버스,3920,5,-10,-0.25,3926.0,4.244,36328234,142880,11419,국내 파생,KODEX,True,False,False
305720,2,KODEX 2차전지산업,22380,2,320,1.45,22458.0,21.6097,4099907,91479,10966,국내 업종/테마,KODEX,False,False,False
278540,1,KODEX MSCI Korea TR,13115,2,30,0.23,13154.0,-4.5936,404562,5299,10885,국내 시장지수,KODEX,False,False,False
148020,1,KBSTAR 200,41060,2,65,0.16,41123.0,-4.4517,88886,3649,10799,국내 시장지수,KBSTAR,False,False,False
305540,2,TIGER 2차전지테마,22160,2,615,2.85,22184.0,25.0435,9477288,208417,10116,국내 업종/테마,TIGER,False,False,False
139260,2,TIGER 200 IT,36540,5,-65,-0.18,36574.0,-0.3946,162558,5911,9150,국내 업종/테마,TIGER,False,False,False
233740,1,KODEX 코스닥150 레버리지,15935,5,-320,-1.97,16078.0,15.0796,6267345,100165,7824,국내 시장지수,KODEX,False,True,False
152100,1,ARIRANG 200,41600,2,100,0.24,41614.0,-4.3118,9979,413,7696,국내 시장지수,ARIRANG,False,False,False
105190,1,KINDEX 200,41165,2,90,0.22,41191.0,-4.5212,281609,11552,6998,국내 시장지수,KINDEX,False,False,False
381170,4,TIGER 미국테크TOP10 INDXX,12090,5,-90,-0.74,,22.7204,2763765,33330,6873,해외 주식,TIGER,False,False,False
091180,2,KODEX 자동차,22005,5,-115,-0.52,22005.0,-10.0996,160319,3520,6745,국내 업종/테마,KODEX,False,False,False
364980,2,TIGER KRX2차전지K-뉴딜,17460,2,150,0.87,17519.0,9.2113,1100309,19189,6652,국내 업종/테마,TIGER,False,False,False
310970,1,TIGER MSCI Korea TR,16470,5,-25,-0.15,16529.0,-4.6808,813,13,6637,국내 시장지수,TIGER,False,False,False
293180,1,HANARO 200,41040,2,100,0.24,41053.0,-4.502,3295,134,5828,국내 시장지수,HANARO,False,False,False
360750,4,TIGER 미국S&P500,13240,5,-20,-0.15,,11.9176,436065,5759,5799,해외 주식,TIGER,False,False,False
394670,4,TIGER 글로벌리튬&2차전지SOLACTIVE(합성),11215,5,-40,-0.36,,,993861,11183,5733,해외 주식,TIGER,False,False,False
069660,1,KOSEF 200,41065,2,85,0.21,41080.0,-4.4978,645,26,5708,국내 시장지수,KOSEF,False,False,False
251340,3,KODEX 코스닥150선물인버스,4240,2,40,0.95,4250.0,-8.397,30318882,128366,5402,국내 파생,KODEX,True,False,False
381180,4,TIGER 미국필라델피아반도체나스닥,10825,2,100,0.93,,12.776,838906,9065,5180,해외 주식,TIGER,False,False,False
314250,4,KODEX 미국FANG플러스(H),29210,5,-230,-0.78,,11.0733,295519,8592,4878,해외 주식,KODEX,False,False,True
315930,2,KODEX Top5PlusTR,18725,2,75,0.4,18765.0,-5.377999999999999,5366,100,4850,국내 업종/테마,KODEX,False,False,False
294400,1,KOSEF 200TR,48770,2,80,0.16,48822.0,-4.5388,7461,363,4828,국내 시장지수,KOSEF,False,False,False
282000,3,KBSTAR 국고채3년선물인버스,100000,3,0,0.0,100018.0,0.331,6,0,4534,국내 파생,KBSTAR,True,False,False
364960,2,TIGER KRX BBIG K-뉴딜,12625,5,-150,-1.17,12618.0,1.1079999999999999,292589,3691,3844,국내 업종/테마,TIGER,False,False,False
385540,6,KBSTAR KIS종합채권(A-이상)액티브,100795,5,-25,-0.02,100747.0,0.6087,64,6,3800,채권,KBSTAR,False,False,False
332500,1,KINDEX 200TR,25065,2,55,0.22,25057.0,-4.5785,504,12,3634,국내 시장지수,KINDEX,False,False,False
229200,1,KODEX 코스닥 150,14820,5,-155,-1.04,14995.0,7.0025,1201343,17837,3623,국내 시장지수,KODEX,False,False,False
360200,4,KINDEX 미국S&P500,13345,5,-10,-0.07,,12.0104,280816,3737,3563,해외 주식,KINDEX,False,False,False
091170,2,KODEX 은행,7240,2,10,0.14,7234.0,-6.1649,960891,6930,3374,국내 업종/테마,KODEX,False,False,False
290130,2,KBSTAR ESG사회책임투자,13225,2,15,0.11,13232.0,-5.5755,5586,73,3339,국내 업종/테마,KBSTAR,False,False,False
371160,4,TIGER 차이나항셍테크,8575,5,-190,-2.17,,-12.0422,672875,5793,3310,해외 주식,TIGER,False,False,False
226490,1,KODEX 코스피,31470,2,10,0.03,31477.0,-2.8563,68633,2154,3178,국내 시장지수,KODEX,False,False,False
367770,2,KBSTAR Fn수소경제테마,12825,2,70,0.55,12822.0,1.1498,422368,5399,3104,국내 업종/테마,KBSTAR,False,False,False
251350,4,KODEX 선진국MSCI World,20670,5,-30,-0.14,,9.4658,33217,685,3059,해외 주식,KODEX,False,False,False
192090,4,TIGER 차이나CSI300,12035,5,-75,-0.62,,-0.4522,117719,1421,2696,해외 주식,TIGER,False,False,False
143850,4,TIGER 미국S&P500선물(H),52295,5,-355,-0.67,,7.023,619452,32296,2693,해외 주식,TIGER,False,False,True
332940,1,HANARO MSCI Korea TR,16515,2,95,0.58,16508.0,-4.5072,51,0,2675,국내 시장지수,HANARO,False,False,False
295040,1,SOL 200TR,13980,2,25,0.18,13977.0,-4.5812,20135,280,2663,국내 시장지수,SOL,False,False,False
272560,6,KBSTAR 단기국공채액티브,102140,5,-10,-0.01,102139.0,0.0538,518915,53006,2589,채권,KBSTAR,False,False,False
108450,2,KINDEX 삼성그룹섹터가중,17060,5,-55,-0.32,17068.0,4.0109,2065,35,2576,국내 업종/테마,KINDEX,False,False,False
357870,7,TIGER CD금리투자KIS(합성),50420,2,10,0.02,50408.0,0.1689,172,8,2573,기타,TIGER,False,False,False
367380,4,KINDEX 미국나스닥100,13995,5,-35,-0.25,,18.3966,191619,2676,2561,해외 주식,KINDEX,False,False,False
275980,4,TIGER 글로벌4차산업혁신기술(합성 H),19345,5,-70,-0.36,,4.9743,51937,1004,2534,해외 주식,TIGER,False,False,True
385550,6,KBSTAR KIS단기종합채권(AA-이상)액티브,100045,5,-10,-0.01,100036.0,0.0499,26,2,2529,채권,KBSTAR,False,False,False
091160,2,KODEX 반도체,34920,5,-310,-0.88,34928.0,-3.8483,87183,3041,2497,국내 업종/테마,KODEX,False,False,False
168580,4,KINDEX 중국본토CSI300,31935,5,-285,-0.88,,-0.9682,16274,521,2395,해외 주식,KINDEX,False,False,False
132030,5,KODEX 골드선물(H),12120,5,-85,-0.7,,-4.8714,156116,1889,2242,원자재,KODEX,False,False,True
196230,6,KBSTAR 단기통안채,104570,2,5,0.0,104565.0,0.0669,825396,86311,2163,채권,KBSTAR,False,False,False
190620,6,KINDEX 단기통안채,100450,3,0,0.0,100443.0,0.1046,900,90,2160,채권,KINDEX,False,False,False
245710,4,KINDEX 베트남VN30(합성),21890,2,175,0.81,,4.6758,62626,1366,2145,해외 주식,KINDEX,False,False,False
332930,1,HANARO 200TR,48865,2,115,0.24,48872.0,-4.5148,163,7,2126,국내 시장지수,HANARO,False,False,False
261220,5,KODEX WTI원유선물(H),10700,2,265,2.54,,-0.0958,517036,5514,2124,원자재,KODEX,False,False,True
272580,6,TIGER 단기채권액티브,50155,5,-10,-0.02,50154.0,0.0598,2740,137,2084,채권,TIGER,False,False,False
161510,2,ARIRANG 고배당주,12660,2,40,0.32,12678.0,0.2382,140265,1770,2028,국내 업종/테마,ARIRANG,False,False,False
326240,2,KBSTAR IT플러스,21580,5,-75,-0.35,21587.0,0.8147,68136,1468,1882,국내 업종/테마,KBSTAR,False,False,False
302450,1,KBSTAR 코스피,31470,2,20,0.06,31458.0,-3.0518,50,1,1778,국내 시장지수,KBSTAR,False,False,False
390950,6,HANARO 단기채권액티브,100140,3,0,0.0,100144.0,,0,0,1746,채권,HANARO,False,False,False
278240,1,KBSTAR 코스닥150선물레버리지,16315,5,-345,-2.07,16298.0,15.7346,8986,147,1724,국내 시장지수,KBSTAR,False,True,False
232080,1,TIGER 코스닥150,15045,5,-160,-1.05,15207.0,7.0397,123491,1857,1706,국내 시장지수,TIGER,False,False,False
143860,2,TIGER 헬스케어,43800,5,-680,-1.53,43981.0,2.7251,29860,1309,1656,국내 업종/테마,TIGER,False,False,False
182480,7,TIGER 미국MSCI리츠(합성 H),15100,5,-260,-1.69,,2.9007,107552,1628,1646,기타,TIGER,False,False,True
270810,1,KBSTAR 코스닥150,14755,5,-165,-1.11,14911.0,7.1069,19240,283,1635,국내 시장지수,KBSTAR,False,False,False
136340,6,KBSTAR 중기우량회사채,104970,5,-50,-0.05,105006.0,-0.2707,751,78,1575,채권,KBSTAR,False,False,False
372330,4,KODEX 차이나항셍테크,8610,5,-185,-2.1,,-12.1379,735584,6348,1520,해외 주식,KODEX,False,False,False
091230,2,TIGER 반도체,35840,5,-270,-0.75,35833.0,-3.8733,86010,3081,1520,국내 업종/테마,TIGER,False,False,False
150460,2,TIGER 중국소비테마,8710,5,-75,-0.85,8743.0,-7.4289,27781,241,1508,국내 업종/테마,TIGER,False,False,False
148070,6,KOSEF 국고채10년,121220,5,-240,-0.2,121270.0,0.9936,2957,358,1321,채권,KOSEF,False,False,False
138540,2,TIGER 현대차그룹+펀더멘털,25895,5,-60,-0.23,25894.0,-6.9714,21758,561,1321,국내 업종/테마,TIGER,False,False,False
368590,4,KBSTAR 미국나스닥100,13560,5,-25,-0.18,,18.3877,178681,2416,1302,해외 주식,KBSTAR,False,False,False
204480,4,TIGER 차이나CSI300레버리지(합성),32505,5,-190,-0.58,,-4.1484,45466,1485,1300,해외 주식,TIGER,False,True,False
219480,4,KODEX 미국S&P500선물(H),21535,5,-145,-0.67,,6.9033,53853,1157,1292,해외 주식,KODEX,False,False,True
252710,3,TIGER 200선물인버스2X,2170,5,-5,-0.23,2174.0,8.4788,4539161,9901,1276,국내 파생,TIGER,True,False,False
329750,6,TIGER 미국달러단기채권액티브,10065,2,60,0.6,,4.6001,162285,1633,1274,채권,TIGER,False,False,False
394660,4,TIGER 글로벌자율주행&전기차SOLACTIVE,10730,2,15,0.14,,,189498,2027,1270,해외 주식,TIGER,False,False,False
379800,4,KODEX 미국S&P500TR,11580,5,-15,-0.13,,11.9208,148389,1713,1262,해외 주식,KODEX,False,False,False
283580,4,KODEX 차이나CSI300,14630,2,55,0.38,,-1.0187,56542,825,1258,해외 주식,KODEX,False,False,False
379810,4,KODEX 미국나스닥100TR,11970,5,-30,-0.25,,18.3431,240904,2876,1257,해외 주식,KODEX,False,False,False
367760,2,KBSTAR Fn5G테크,10720,5,-15,-0.14,10715.0,-3.722,38188,407,1206,국내 업종/테마,KBSTAR,False,False,False
298770,4,KODEX 한국대만IT프리미어,20075,5,-130,-0.64,,1.2781,15275,306,1184,해외 주식,KODEX,False,False,False
273140,6,KODEX 단기변동금리부채권액티브,102725,5,-15,-0.01,102720.0,0.151,80,8,1141,채권,KODEX,False,False,False
267770,3,TIGER 200선물레버리지,19220,2,65,0.34,19227.0,-9.5823,252888,4857,1134,국내 파생,TIGER,False,True,False
328370,1,ARIRANG 코스피TR,15780,2,5,0.03,15783.0,-2.4127,33,0,1097,국내 시장지수,ARIRANG,False,False,False
139220,2,TIGER 200 건설,3250,5,-25,-0.76,3260.0,0.7692,469025,1516,1069,국내 업종/테마,TIGER,False,False,False
325010,2,KODEX Fn성장,18105,5,-55,-0.3,18080.0,-0.4386,1191,21,1050,국내 업종/테마,KODEX,False,False,False
322400,2,HANARO e커머스,18775,5,-275,-1.44,18775.0,-1.4231,108630,2039,1042,국내 업종/테마,HANARO,False,False,False
309230,2,KINDEX 미국WideMoat가치주,17780,2,25,0.14,,6.3492,43629,774,1031,국내 업종/테마,KINDEX,False,False,False
228800,2,TIGER 여행레저,5500,5,-35,-0.63,5517.0,-6.2659,630927,3470,1028,국내 업종/테마,TIGER,False,False,False
144600,5,KODEX 은선물(H),4870,5,-110,-2.21,,-13.1648,380669,1855,1008,원자재,KODEX,False,False,True
114260,6,KODEX 국고채3년,57910,5,-70,-0.12,57943.0,-0.1292,1706,98,1008,채권,KODEX,False,False,False
139280,2,TIGER 경기방어,12195,5,-75,-0.61,12191.0,-3.5378,5886,71,1002,국내 업종/테마,TIGER,False,False,False
329200,2,TIGER 부동산인프라고배당,5890,5,-5,-0.08,5910.0,0.5972,83357,491,990,국내 업종/테마,TIGER,False,False,False
325020,2,KODEX 배당가치,13465,2,65,0.49,13479.0,-3.3887,7035,94,983,국내 업종/테마,KODEX,False,False,False
225040,4,TIGER 미국S&P500레버리지(합성 H),33970,5,-445,-1.29,,12.7251,38917,1319,951,해외 주식,TIGER,False,True,True
261240,7,KODEX 미국달러선물,10410,2,65,0.63,10410.0,4.6006,229968,2390,946,기타,KODEX,False,False,False
117700,2,KODEX 건설,3750,5,-35,-0.92,3752.0,-1.175,269696,1004,938,국내 업종/테마,KODEX,False,False,False
122260,6,KOSEF 통안채1년,101210,5,-10,-0.01,101217.0,-0.0346,115025,11644,931,채권,KOSEF,False,False,False
371470,4,TIGER 차이나바이오테크SOLACTIVE,11470,5,-95,-0.82,,-12.6841,40360,465,922,해외 주식,TIGER,False,False,False
387280,2,TIGER 퓨처모빌리티액티브,11370,2,125,1.11,11395.0,10.2991,52108,591,915,국내 업종/테마,TIGER,False,False,False
364970,2,TIGER KRX바이오K-뉴딜,10305,5,-195,-1.86,10300.0,1.156,606729,6248,907,국내 업종/테마,TIGER,False,False,False
395750,2,ARIRANG ESG가치주액티브,9710,5,-5,-0.05,9725.0,,240,2,888,국내 업종/테마,ARIRANG,False,False,False
387270,4,TIGER 글로벌BBIG액티브,12150,2,25,0.21,,18.4082,186212,2258,886,해외 주식,TIGER,False,False,False
329650,7,KODEX TRF3070,11505,2,5,0.04,11462.0,3.1852,63076,725,874,기타,KODEX,False,False,False
304940,4,KODEX 미국나스닥100선물(H),19645,5,-150,-0.76,,12.8885,37753,740,874,해외 주식,KODEX,False,False,True
385520,2,KODEX K-미래차액티브,10715,2,70,0.66,10754.0,0.3771,169203,1807,836,국내 업종/테마,KODEX,False,False,False
174360,4,KBSTAR 중국본토대형주CSI100,21255,5,-25,-0.12,,-5.7365,2876,61,829,해외 주식,KBSTAR,False,False,False
306520,3,HANARO 200선물인버스,9015,5,-40,-0.44,9032.0,4.3804,7771,70,825,국내 파생,HANARO,True,False,False
266160,2,KBSTAR 고배당,12785,2,85,0.67,12788.0,-2.044,133755,1699,805,국내 업종/테마,KBSTAR,False,False,False
157490,2,TIGER 소프트웨어,16765,5,-305,-1.79,16747.0,-5.5341,178904,2999,795,국내 업종/테마,TIGER,False,False,False
195930,4,TIGER 유로스탁스50(합성 H),14180,5,-75,-0.53,,1.8214,133957,1891,780,해외 주식,TIGER,False,False,True
376410,2,TIGER 탄소효율그린뉴딜,9975,2,15,0.15,9981.0,-2.8767,511182,5085,768,국내 업종/테마,TIGER,False,False,False
195980,4,ARIRANG 신흥국MSCI(합성 H),12355,5,-225,-1.79,,-5.0567,82308,1020,731,해외 주식,ARIRANG,False,False,True
130730,6,KOSEF 단기자금,101195,5,-15,-0.01,101197.0,0.084,84772,8578,716,채권,KOSEF,False,False,False
256750,4,KODEX 차이나심천ChiNext(합성),14535,5,-145,-0.99,,4.4468,31602,460,683,해외 주식,KODEX,False,False,False
245340,4,TIGER 미국다우존스30,20700,5,-40,-0.19,,6.6323,12912,266,683,해외 주식,TIGER,False,False,False
305080,6,TIGER 미국채10년선물,12165,2,45,0.37,,5.944,57429,697,669,채권,TIGER,False,False,False
130680,5,TIGER 원유선물Enhanced(H),3240,2,75,2.37,,0.7961,640101,2067,669,원자재,TIGER,False,False,True
114820,6,TIGER 국채3년,110250,5,-45,-0.04,110255.0,-0.1268,675,74,662,채권,TIGER,False,False,False
233160,1,TIGER 코스닥150 레버리지,16940,5,-315,-1.83,17093.0,14.537,96133,1633,661,국내 시장지수,TIGER,False,True,False
123310,3,TIGER 인버스,4345,5,-5,-0.11,4345.0,4.5673,792653,3441,656,국내 파생,TIGER,True,False,False
245360,4,TIGER 차이나HSCEI,11495,5,-170,-1.46,,-7.3103,7229,83,655,해외 주식,TIGER,False,False,False
228810,2,TIGER 미디어컨텐츠,8080,5,-90,-1.1,8071.0,3.2217,152811,1234,642,국내 업종/테마,TIGER,False,False,False
117680,2,KODEX 철강,10360,2,235,2.32,10379.0,0.8466,461791,4737,638,국내 업종/테마,KODEX,False,False,False
363510,6,SOL KIS단기통안채,100410,3,0,0.0,100406.0,0.0697,0,0,632,채권,SOL,False,False,False
102970,2,KODEX 증권,8285,5,-75,-0.9,8292.0,-1.993,42908,355,609,국내 업종/테마,KODEX,False,False,False
091220,2,TIGER 은행,7535,5,-50,-0.66,7564.0,-5.7179,21994,165,609,국내 업종/테마,TIGER,False,False,False
385510,2,KODEX K-신재생에너지액티브,12045,2,255,2.16,12076.0,14.0232,273832,3282,608,국내 업종/테마,KODEX,False,False,False
368190,2,HANARO Fn K-뉴딜디지털플러스,12650,5,-155,-1.21,12654.0,-0.1171,20827,263,607,국내 업종/테마,HANARO,False,False,False
277630,1,TIGER 코스피,31700,5,-80,-0.25,31800.0,-2.7539999999999996,3928,124,602,국내 시장지수,TIGER,False,False,False
396510,4,TIGER 차이나클린에너지SOLACTIVE,10470,5,-235,-2.2,,,186570,1972,591,해외 주식,TIGER,False,False,False
302190,6,TIGER 중장기국채,52435,5,-40,-0.08,52416.0,0.4883,959,50,566,채권,TIGER,False,False,False
363580,2,KODEX 200IT TR,13795,5,-20,-0.14,13800.0,-0.2888,2830,38,566,국내 업종/테마,KODEX,False,False,False
315960,2,KBSTAR 대형고배당10TR,15835,2,145,0.92,15853.0,-8.7791,12250,193,562,국내 업종/테마,KBSTAR,False,False,False
365000,2,TIGER KRX인터넷K-뉴딜,12065,5,-70,-0.58,12061.0,4.0737,125326,1507,561,국내 업종/테마,TIGER,False,False,False
385560,6,KBSTAR KIS국고채30년Enhanced,105800,5,-600,-0.56,105655.0,5.4237,127,13,561,채권,KBSTAR,False,False,False
266370,2,KODEX IT,20295,2,40,0.2,20345.0,0.6459,12806,259,548,국내 업종/테마,KODEX,False,False,False
289260,2,TIGER MSCI KOREA ESG리더스,11560,2,20,0.17,11578.0,-3.431,426,4,538,국내 업종/테마,TIGER,False,False,False
354350,4,HANARO 글로벌럭셔리S&P(합성),18170,2,115,0.64,,0.4171,29124,528,536,해외 주식,HANARO,False,False,False
304780,1,HANARO 200선물레버리지,27910,2,95,0.34,27915.0,-9.6329,150,4,530,국내 시장지수,HANARO,False,True,False
139230,2,TIGER 200 중공업,3425,5,-15,-0.44,3436.0,-12.3567,337034,1155,529,국내 업종/테마,TIGER,False,False,False
371450,4,TIGER 글로벌클라우드컴퓨팅INDXX,12620,5,-145,-1.14,,22.2115,51658,651,510,해외 주식,TIGER,False,False,False
336160,6,KBSTAR 금융채액티브,102875,5,-55,-0.05,102916.0,-0.3582,8,0,504,채권,KBSTAR,False,False,False
397410,6,KBSTAR 국채선물5년추종인버스,50275,2,10,0.02,50293.0,,6,0,492,채권,KBSTAR,True,False,False
099140,4,KODEX 차이나H,19500,5,-280,-1.42,,-7.332000000000001,7105,138,488,해외 주식,KODEX,False,False,False
375770,2,KODEX 탄소효율그린뉴딜,9945,5,-5,-0.05,9968.0,-2.6419,4824,47,477,국내 업종/테마,KODEX,False,False,False
292190,1,KODEX KRX300,18975,2,15,0.08,18984.0,-3.1418,7208,136,474,국내 시장지수,KODEX,False,False,False
219390,4,KBSTAR 미국S&P원유생산기업(합성 H),3765,5,-20,-0.53,,-13.9773,162465,609,452,해외 주식,KBSTAR,False,False,True
337160,2,KODEX 200ESG,14565,2,40,0.28,14565.0,-5.0964,2074,30,452,국내 업종/테마,KODEX,False,False,False
114460,6,KINDEX 국고채3년,106310,5,-25,-0.02,106308.0,-0.155,68,7,447,채권,KINDEX,False,False,False
361580,1,KBSTAR 200TR,21060,2,40,0.19,21063.0,-4.3241,2809,59,442,국내 시장지수,KBSTAR,False,False,False
256440,4,KINDEX 인도네시아MSCI(합성),8345,5,-30,-0.36,,0.5402,8342,69,426,해외 주식,KINDEX,False,False,False
203780,4,TIGER 미국나스닥바이오,23225,5,-5,-0.02,,12.9314,15655,362,418,해외 주식,TIGER,False,False,False
337140,2,KODEX 코스피대형주,14395,5,-50,-0.35,14469.0,-4.4327,474,6,417,국내 업종/테마,KODEX,False,False,False
243880,2,TIGER 200IT레버리지,59400,5,-680,-1.13,60000.0,-2.1658,4162,247,416,국내 업종/테마,TIGER,False,True,False
379780,4,KBSTAR 미국S&P500,11505,5,-20,-0.17,,11.6763,41273,473,414,해외 주식,KBSTAR,False,False,False
200250,4,KOSEF 인도Nifty50(합성),18890,2,120,0.64,,14.3118,77496,1468,406,해외 주식,KOSEF,False,False,False
326230,2,KBSTAR 내수주플러스,10765,5,-90,-0.83,10780.0,-4.023,1974,21,405,국내 업종/테마,KBSTAR,False,False,False
139270,2,TIGER 200 금융,6940,5,-40,-0.57,6968.0,-4.3836,42826,297,398,국내 업종/테마,TIGER,False,False,False
204450,4,KODEX 차이나H레버리지(H),5075,5,-160,-3.06,,-24.2951,139433,709,396,해외 주식,KODEX,False,True,True
395760,2,ARIRANG ESG성장주액티브,9640,5,-40,-0.41,9640.0,,662969,6372,390,국내 업종/테마,ARIRANG,False,False,False
280930,4,KODEX 미국러셀2000(H),14595,5,-145,-0.98,,-2.2871,5552,80,379,해외 주식,KODEX,False,False,True
356540,6,KINDEX KIS종합채권(AA-이상)액티브,98735,5,-135,-0.14,98782.0,0.672,4,0,379,채권,KINDEX,False,False,False
304770,1,HANARO 코스닥150,14790,5,-220,-1.47,14994.0,6.985,823,12,376,국내 시장지수,HANARO,False,False,False
228790,2,TIGER 화장품,3395,5,-30,-0.88,3396.0,-18.4524,135565,459,374,국내 업종/테마,TIGER,False,False,False
341850,7,TIGER KIS부동산인프라채권TR,5675,5,-5,-0.09,5668.0,-1.7981,32156,182,372,기타,TIGER,False,False,False
385720,1,TIMEFOLIO Kstock액티브,10000,5,-70,-0.7,10050.0,-0.5924,10794,107,370,국내 시장지수,TIMEFOLIO,False,False,False
266360,2,KODEX 미디어&엔터테인먼트,23115,5,-320,-1.37,23117.0,-2.8803,34716,802,370,국내 업종/테마,KODEX,False,False,False
269540,4,ARIRANG 미국S&P500(H),18390,5,-155,-0.84,,7.8197,14073,258,368,해외 주식,ARIRANG,False,False,True
123320,3,TIGER 레버리지,24260,2,110,0.46,24254.0,-9.4658,34513,833,364,국내 파생,TIGER,False,True,False
276650,4,KBSTAR 글로벌4차산업IT(합성 H),24050,5,-230,-0.95,,11.9151,5446,130,361,해외 주식,KBSTAR,False,False,True
396500,2,TIGER Fn반도체TOP10,8955,2,30,0.34,8967.0,,66441,592,358,국내 업종/테마,TIGER,False,False,False
276970,4,KODEX 미국S&P고배당커버드콜(합성 H),10470,5,-5,-0.05,,-0.4089,14773,154,356,해외 주식,KODEX,False,False,True
169950,4,KODEX 차이나A50,22130,2,85,0.39,,-9.2052,10487,232,354,해외 주식,KODEX,False,False,False
310960,1,TIGER 200TR,21890,2,75,0.34,21889.0,-4.6756,404,8,350,국내 시장지수,TIGER,False,False,False
388280,2,KBSTAR Fn컨택트대표,9880,5,-65,-0.65,9882.0,-1.8263,46317,456,350,국내 업종/테마,KBSTAR,False,False,False
279530,2,KODEX 고배당,10230,2,45,0.44,10258.0,-0.5857,34005,348,348,국내 업종/테마,KODEX,False,False,False
359210,1,KODEX 코스피TR,14445,5,-5,-0.03,14497.0,-3.2798,147,2,347,국내 시장지수,KODEX,False,False,False
385600,2,네비게이터 친환경자동차밸류체인액티브,10880,2,80,0.74,10929.0,6.2992,11438,124,337,국내 업종/테마,네비게이터,False,False,False
114470,6,KOSEF 국고채3년,111970,2,10,0.01,111951.0,-0.2095,115,12,336,채권,KOSEF,False,False,False
272570,6,KBSTAR 중장기국공채액티브,103465,2,55,0.05,103434.0,-0.34700000000000003,8,0,334,채권,KBSTAR,False,False,False
363570,6,KODEX 장기종합채권(AA-이상)액티브KAP,97320,5,-90,-0.09,97223.0,2.0801,203,19,334,채권,KODEX,False,False,False
385590,2,네비게이터 ESG액티브,9650,5,-10,-0.1,9656.0,-3.0608,1887,18,328,국내 업종/테마,네비게이터,False,False,False
138230,7,KOSEF 미국달러선물,12355,2,60,0.49,12370.0,4.6382,22196,274,324,기타,KOSEF,False,False,False
227540,2,TIGER 200 헬스케어,26500,5,-120,-0.45,26501.0,4.5561,10620,280,323,국내 업종/테마,TIGER,False,False,False
252420,3,KBSTAR 200선물인버스2X,2085,5,-15,-0.71,2092.0,8.5271,260964,547,323,국내 파생,KBSTAR,True,False,False
244580,2,KODEX 바이오,15370,5,-185,-1.19,15446.0,9.658,35898,550,320,국내 업종/테마,KODEX,False,False,False
396520,4,TIGER 차이나반도체FACTSET,9355,5,-320,-3.31,,,138258,1300,314,해외 주식,TIGER,False,False,False
266420,2,KODEX 헬스케어,19150,5,-255,-1.31,19232.0,2.1853,10249,196,306,국내 업종/테마,KODEX,False,False,False
117460,2,KODEX 에너지화학,20695,2,320,1.57,20696.0,5.2155,24521,505,304,국내 업종/테마,KODEX,False,False,False
332620,6,ARIRANG 미국장기우량회사채,104690,5,-50,-0.05,,9.4747,1000,104,298,채권,ARIRANG,False,False,False
287180,4,ARIRANG 미국나스닥기술주,25050,2,20,0.08,,18.4011,5812,145,288,해외 주식,ARIRANG,False,False,False
331910,2,KOSEF Fn중소형,26995,5,-165,-0.61,26985.0,2.9763,1029,27,286,국내 업종/테마,KOSEF,False,False,False
319640,4,TIGER 골드선물(H),12935,5,-75,-0.58,,-4.7933,16717,216,285,해외 주식,TIGER,False,False,True
292160,1,TIGER KRX300,18895,2,60,0.32,18962.0,-4.0744,221,4,283,국내 시장지수,TIGER,False,False,False
364990,2,TIGER KRX게임K-뉴딜,11110,5,-55,-0.49,11115.0,-2.1044,551083,6140,283,국내 업종/테마,TIGER,False,False,False
137610,5,TIGER 농산물선물Enhanced(H),6285,2,10,0.16,,-8.126,14241,89,283,원자재,TIGER,False,False,True
236350,4,TIGER 인도니프티50레버리지(합성),25550,5,-100,-0.39,,31.3027,15800,403,281,해외 주식,TIGER,False,True,False
217780,4,TIGER 차이나CSI300인버스(합성),7385,2,50,0.68,,-0.8784,4419,32,281,해외 주식,TIGER,True,False,False
152870,1,파워 200,42130,2,125,0.3,42137.0,-4.1419999999999995,54,2,274,국내 시장지수,파워,False,False,False
181480,7,KINDEX 미국다우존스리츠(합성 H),97590,5,-1325,-1.34,,4.3297,4454,433,273,기타,KINDEX,False,False,True
385710,2,TIMEFOLIO BBIG액티브,10815,5,-45,-0.41,10814.0,8.2751,28645,309,270,국내 업종/테마,TIMEFOLIO,False,False,False
114100,6,KBSTAR 국고채3년,112480,2,110,0.1,112467.0,-0.284,95,10,270,채권,KBSTAR,False,False,False
277540,4,KINDEX S&P아시아TOP50,14920,5,-215,-1.42,,-4.1179,3028,45,269,해외 주식,KINDEX,False,False,False
354500,1,KINDEX 코스닥150,14885,5,-155,-1.03,14976.0,7.1225,1904,28,268,국내 시장지수,KINDEX,False,False,False
213630,4,ARIRANG 미국다우존스고배당주(합성 H),15435,5,-140,-0.9,,-2.7778,5177,79,267,해외 주식,ARIRANG,False,False,True
250780,3,TIGER 코스닥150선물인버스,4350,2,35,0.81,4361.0,-7.7992,261839,1137,265,국내 파생,TIGER,True,False,False
322410,2,HANARO 고배당,11620,5,-20,-0.17,11619.0,5.8181,9200,106,261,국내 업종/테마,HANARO,False,False,False
390390,4,KODEX 미국반도체MV,10830,2,130,1.21,,,32006,346,260,해외 주식,KODEX,False,False,False
253250,3,KOSEF 200선물레버리지,22960,2,100,0.44,22973.0,-9.7869,4074,93,259,국내 파생,KOSEF,False,True,False
381560,2,HANARO Fn전기&수소차,10720,2,15,0.14,10716.0,4.541,99229,1061,257,국내 업종/테마,HANARO,False,False,False
252400,3,KBSTAR 200선물레버리지,23285,2,110,0.47,23260.0,-9.7371,13590,315,256,국내 파생,KBSTAR,False,True,False
176950,6,KODEX 국채선물10년인버스,46885,2,105,0.22,46895.0,-1.0262,1050,49,256,채권,KODEX,True,False,False
138910,5,KODEX 구리선물(H),8185,2,235,2.96,,-4.0435,103057,838,254,원자재,KODEX,False,False,True
261250,7,KODEX 미국달러선물레버리지,9970,2,105,1.06,9979.0,9.2469,97623,971,251,기타,KODEX,False,True,False
252410,3,KBSTAR 200선물인버스,5075,2,5,0.1,5071.0,4.1067,2084,10,249,국내 파생,KBSTAR,True,False,False
276990,4,KODEX 글로벌4차산업로보틱스(합성),19230,2,35,0.18,,13.2448,22737,436,244,해외 주식,KODEX,False,False,False
239660,6,ARIRANG 우량회사채50 1년,108585,3,0,0.0,108580.0,-0.0599,1433,155,239,채권,ARIRANG,False,False,False
160580,5,TIGER 구리실물,10125,2,145,1.45,,-5.088,101925,1029,238,원자재,TIGER,False,False,False
377990,2,TIGER Fn신재생에너지,10575,5,-5,-0.05,10589.0,-0.2358,28833,304,238,국내 업종/테마,TIGER,False,False,False
139250,2,TIGER 200 에너지화학,21345,2,275,1.31,21347.0,3.0569,24310,517,231,국내 업종/테마,TIGER,False,False,False
285690,2,FOCUS ESG리더스,11715,5,-10,-0.09,11772.0,-2.6568,347,4,228,국내 업종/테마,FOCUS,False,False,False
332610,6,ARIRANG 미국단기우량회사채,99160,5,-20,-0.02,,4.4879,16,1,228,채권,ARIRANG,False,False,False
304660,6,KODEX 미국채울트라30년선물(H),12650,5,-50,-0.39,,5.4379,11667,147,228,채권,KODEX,False,False,True
368680,2,KODEX Fn K-뉴딜디지털플러스,12625,5,-195,-1.52,12667.0,0.2345,7668,97,227,국내 업종/테마,KODEX,False,False,False
227570,2,TIGER 우량가치,12960,2,40,0.31,12963.0,0.3105,10628,137,226,국내 업종/테마,TIGER,False,False,False
211900,2,KODEX 배당성장,16590,2,20,0.12,16590.0,5.676,66559,1104,224,국내 업종/테마,KODEX,False,False,False
138520,2,TIGER 삼성그룹펀더멘털,12300,2,10,0.08,12303.0,-1.1661,5605,68,224,국내 업종/테마,TIGER,False,False,False
140710,2,KODEX 운송,6750,5,-5,-0.07,6751.0,-7.6556,66922,450,223,국내 업종/테마,KODEX,False,False,False
225800,3,KOSEF 미국달러선물레버리지,9495,2,125,1.33,9500.0,9.1438,9347,88,222,국내 파생,KOSEF,False,True,False
266410,2,KODEX 필수소비재,9245,5,-25,-0.27,9283.0,-10.7367,5420,50,222,국내 업종/테마,KODEX,False,False,False
237370,7,KODEX 배당성장채권혼합,12260,5,-15,-0.12,12288.0,1.4462,5812,71,221,기타,KODEX,False,False,False
365040,1,TIGER AI코리아그로스액티브,13780,5,-60,-0.43,13847.0,-2.0871,2562,35,220,국내 시장지수,TIGER,False,False,False
225130,4,KINDEX 골드선물 레버리지(합성 H),16835,5,-220,-1.29,,-10.0949,6099,102,219,해외 주식,KINDEX,False,True,True
329660,7,KODEX TRF5050,12540,2,20,0.16,12497.0,5.1658,13954,174,213,기타,KODEX,False,False,False
300640,2,KBSTAR 게임테마,15720,2,65,0.42,15716.0,1.1958,25815,408,212,국내 업종/테마,KBSTAR,False,False,False
210780,2,TIGER 코스피고배당,15660,3,0,0.0,15659.0,8.3362,117603,1836,207,국내 업종/테마,TIGER,False,False,False
329670,7,KODEX TRF7030,13590,2,55,0.41,13530.0,7.2079,12576,170,204,기타,KODEX,False,False,False
306950,3,KODEX KRX300레버리지,20010,2,30,0.15,20007.0,-7.6924,7949,158,200,국내 파생,KODEX,False,True,False
218420,4,KODEX 미국S&P에너지(합성),6540,2,35,0.54,,-9.4012,8038,52,199,해외 주식,KODEX,False,False,False
223190,2,KODEX 200가치저변동,11020,2,65,0.59,11037.0,-5.4381,4683,51,198,국내 업종/테마,KODEX,False,False,False
143460,2,KINDEX 밸류대형,9860,2,65,0.66,9862.0,-5.3166,43,0,197,국내 업종/테마,KINDEX,False,False,False
278620,6,ARIRANG 단기채권액티브,106030,5,-10,-0.01,106030.0,-0.0283,39,4,193,채권,ARIRANG,False,False,False
388420,2,KBSTAR 비메모리반도체액티브,9865,5,-85,-0.85,9901.0,1.6343,38470,379,191,국내 업종/테마,KBSTAR,False,False,False
292730,1,FOCUS KRX300,18950,5,-20,-0.11,19053.0,-3.6323,1,0,190,국내 시장지수,FOCUS,False,False,False
152380,6,KODEX 국채선물10년,69975,2,25,0.04,69897.0,0.7852,511,35,189,채권,KODEX,False,False,False
138530,2,TIGER LG그룹+펀더멘털,11055,5,-80,-0.72,11091.0,-5.1534,12123,133,186,국내 업종/테마,TIGER,False,False,False
102960,2,KODEX 기계장비,5950,5,-10,-0.17,5963.0,-3.4818,50935,303,186,국내 업종/테마,KODEX,False,False,False
211560,2,TIGER 배당성장,20560,5,-5,-0.02,20559.0,6.8311,24754,509,185,국내 업종/테마,TIGER,False,False,False
248270,4,TIGER S&P글로벌헬스케어(합성),18470,5,-55,-0.3,,12.8884,5852,107,185,해외 주식,TIGER,False,False,False
200030,4,KODEX 미국S&P산업재(합성),20935,5,-30,-0.14,,2.7444,1730,36,183,해외 주식,KODEX,False,False,False
289040,2,KODEX MSCI KOREA ESG유니버설,12165,5,-10,-0.08,12241.0,-4.734,139,1,182,국내 업종/테마,KODEX,False,False,False
371130,4,KINDEX 블룸버그베트남VN30선물레버리지(H),20000,2,210,1.06,,-2.9427,3394,67,180,해외 주식,KINDEX,False,True,True
238720,4,KINDEX 일본Nikkei225(H),19950,2,50,0.25,,5.0409,1451,28,180,해외 주식,KINDEX,False,False,True
140700,2,KODEX 보험,6900,5,-30,-0.43,6897.0,7.6923,38107,261,179,국내 업종/테마,KODEX,False,False,False
185680,4,KODEX 미국S&P바이오(합성),33690,5,-25,-0.07,,3.5791,1472,49,177,해외 주식,KODEX,False,False,False
316670,1,KOSEF 코스닥150,7375,5,-70,-0.94,7456.0,6.2054,2385,17,174,국내 시장지수,KOSEF,False,False,False
241180,4,TIGER 일본니케이225,19320,2,245,1.28,,9.1871,6069,116,174,해외 주식,TIGER,False,False,False
360140,2,KODEX 200롱코스닥150숏선물,10850,2,110,1.02,10867.0,-12.2908,12172,131,174,국내 업종/테마,KODEX,False,False,False
280320,4,KINDEX 미국IT인터넷S&P(합성 H),21490,5,-155,-0.72,,7.9281,273,5,172,해외 주식,KINDEX,False,False,True
237350,1,KODEX 코스피100,31240,2,30,0.1,31333.0,-5.1224,1838,57,172,국내 시장지수,KODEX,False,False,False
292500,1,SOL KRX300,18955,5,-20,-0.11,18998.0,-3.386,10,0,171,국내 시장지수,SOL,False,False,False
304760,1,HANARO KRX300,18705,5,-25,-0.13,18745.0,-3.5034,59,1,168,국내 시장지수,HANARO,False,False,False
230480,3,KOSEF 미국달러선물인버스2X,7890,5,-95,-1.19,7886.0,-9.3644,3809,30,167,국내 파생,KOSEF,True,False,False
352560,7,KODEX 다우존스미국리츠(H),14565,5,-195,-1.32,,4.3478,72094,1046,160,기타,KODEX,False,False,True
272910,6,KINDEX 중장기국공채액티브,100870,2,60,0.06,100842.0,0.1619,2,0,158,채권,KINDEX,False,False,False
245350,4,TIGER 유로스탁스배당30,13070,5,-90,-0.68,,0.4886,3655,47,157,해외 주식,TIGER,False,False,False
367740,2,HANARO Fn5G산업,13000,5,-135,-1.03,13002.0,0.1524,17741,229,156,국내 업종/테마,HANARO,False,False,False
225050,4,TIGER 유로스탁스레버리지(합성 H),10350,2,5,0.05,,2.7819,10195,104,155,해외 주식,TIGER,False,True,True
153270,1,KOSEF 코스피100,30900,2,45,0.15,30869.0,-5.0908,118,3,155,국내 시장지수,KOSEF,False,False,False
183700,7,KBSTAR 채권혼합,63460,2,155,0.24,63511.0,-1.7614,2,0,152,기타,KBSTAR,False,False,False
139240,2,TIGER 200 철강소재,10535,2,240,2.33,10555.0,3.6235,35580,372,152,국내 업종/테마,TIGER,False,False,False
391600,4,KINDEX 미국친환경그린테마INDXX,10110,5,-90,-0.88,,,230562,2331,152,해외 주식,KINDEX,False,False,False
284430,6,KODEX 200미국채혼합,13480,2,120,0.9,13435.0,1.2121,7016,94,151,채권,KODEX,False,False,False
182490,6,TIGER 단기선진하이일드(합성 H),12570,3,0,0.0,,0.56,3193,40,151,채권,TIGER,False,False,True
241390,7,KBSTAR V&S셀렉트밸류채권혼합,12485,5,-15,-0.12,12503.0,-0.6755,2270,28,150,기타,KBSTAR,False,False,False
390400,4,KODEX 미국스마트모빌리티S&P,9255,5,-20,-0.22,,,24940,230,148,해외 주식,KODEX,False,False,False
122090,1,ARIRANG 코스피50,28385,2,35,0.12,28389.0,-5.0093,408,11,145,국내 시장지수,ARIRANG,False,False,False
269420,4,KODEX S&P글로벌인프라(합성),12365,5,-10,-0.08,,3.8606,20890,255,144,해외 주식,KODEX,False,False,False
253160,3,ARIRANG 200선물인버스2X,4175,5,-35,-0.83,4191.0,8.5051,24111,101,144,국내 파생,ARIRANG,True,False,False
308620,6,KODEX 미국채10년선물,11965,2,50,0.42,,5.2561,11606,138,144,채권,KODEX,False,False,False
365780,6,KINDEX 국고채10년,97610,2,100,0.1,97608.0,0.7959,74,7,143,채권,KINDEX,False,False,False
292050,1,KBSTAR KRX300,19120,2,20,0.1,19126.0,-3.5598,2011,38,143,국내 시장지수,KBSTAR,False,False,False
276000,4,TIGER 글로벌자원생산기업(합성 H),13000,5,-15,-0.12,,-7.4325,257,3,143,해외 주식,TIGER,False,False,True
337150,2,KODEX 200exTOP,14145,5,-95,-0.67,14189.0,-3.4249,2,0,141,국내 업종/테마,KODEX,False,False,False
251590,2,ARIRANG 고배당저변동50,11735,2,55,0.47,11734.0,0.5163,6225,72,141,국내 업종/테마,ARIRANG,False,False,False
307010,3,KBSTAR KRX300레버리지,20035,2,110,0.55,19906.0,-6.7837,441,8,140,국내 파생,KBSTAR,False,True,False
375760,2,HANARO 탄소효율그린뉴딜,9945,2,15,0.15,9950.0,-2.9326,324,3,139,국내 업종/테마,HANARO,False,False,False
140950,1,파워 코스피100,31555,2,225,0.72,31504.0,-5.2186,48,1,139,국내 시장지수,파워,False,False,False
253150,3,ARIRANG 200선물레버리지,46260,2,190,0.41,46246.0,-9.6224,89,4,139,국내 파생,ARIRANG,False,True,False
195920,4,TIGER 일본TOPIX(합성 H),17265,2,40,0.23,,6.6893,2679,45,138,해외 주식,TIGER,False,False,True
219900,4,KINDEX 중국본토CSI300레버리지(합성),5725,5,-5,-0.09,,-3.0457,5829,33,137,해외 주식,KINDEX,False,True,False
229720,1,KODEX KTOP30,22360,5,-25,-0.11,22438.0,-2.9061,1290,28,134,국내 시장지수,KODEX,False,False,False
360150,2,KODEX 코스닥150롱코스피200숏선물,8635,5,-145,-1.65,8659.0,13.2172,5,0,130,국내 업종/테마,KODEX,False,False,False
243890,2,TIGER 200에너지화학레버리지,23190,2,525,2.32,23288.0,4.135,9546,220,128,국내 업종/테마,TIGER,False,True,False
244670,2,KODEX 밸류Plus,10590,2,10,0.09,10598.0,-5.1547,150,1,127,국내 업종/테마,KODEX,False,False,False
361590,2,KBSTAR 코스피ex200,14855,5,-40,-0.27,14840.0,0.506,50,0,126,국내 업종/테마,KBSTAR,False,False,False
253290,7,KBSTAR 헬스케어채권혼합,12575,5,-40,-0.32,12567.0,1.6109,10673,133,126,기타,KBSTAR,False,False,False
279540,2,KODEX 최소변동성,12490,2,15,0.12,12527.0,0.8079999999999999,18,0,125,국내 업종/테마,KODEX,False,False,False
310080,4,KBSTAR 중국MSCI China(H),12460,5,-110,-0.88,,-11.944,4908,60,125,해외 주식,KBSTAR,False,False,True
248260,4,TIGER 일본TOPIX헬스케어(합성),12405,2,40,0.32,,6.9174,252,3,124,해외 주식,TIGER,False,False,False
104520,2,KOSEF 블루칩,10280,5,-15,-0.15,10280.0,-4.5434,233,2,123,국내 업종/테마,KOSEF,False,False,False
251600,7,ARIRANG 고배당주채권혼합,11210,2,10,0.09,11226.0,-0.2228,1850,20,123,기타,ARIRANG,False,False,False
391590,4,KINDEX 미국스팩&IPO INDXX,10145,2,100,1.0,,,14345,145,122,해외 주식,KINDEX,False,False,False
244620,2,KODEX 모멘텀Plus,13510,5,-75,-0.55,13505.0,9.424,831,11,122,국내 업종/테마,KODEX,False,False,False
394350,4,KOSEF 릭소글로벌퓨처모빌리티MSCI,11050,2,65,0.59,,,20912,230,122,해외 주식,KOSEF,False,False,False
196030,4,KINDEX 일본TOPIX레버리지(H),24250,2,180,0.75,,12.5818,682,16,121,해외 주식,KINDEX,False,True,True
261070,2,TIGER 코스닥150바이오테크,12440,5,-235,-1.85,12574.0,-0.39299999999999996,5620,70,117,국내 업종/테마,TIGER,False,False,False
265690,4,KINDEX 러시아MSCI(합성),33385,2,205,0.62,,8.3428,309,10,117,해외 주식,KINDEX,False,False,False
100910,1,KOSEF KRX100,6460,2,5,0.08,6461.0,-4.2285,74,0,116,국내 시장지수,KOSEF,False,False,False
395160,2,KODEX Fn시스템반도체,9545,5,-25,-0.26,9547.0,,153563,1460,115,국내 업종/테마,KODEX,False,False,False
208470,4,SOL 선진국MSCI World(합성 H),19050,5,-175,-0.91,,5.2847,121,2,114,해외 주식,SOL,False,False,True
292750,1,ARIRANG KRX300,18945,2,20,0.11,18936.0,-3.3453,21,0,114,국내 시장지수,ARIRANG,False,False,False
139660,7,KOSEF 미국달러선물인버스,10145,5,-60,-0.59,10142.0,-4.7597,197,1,113,기타,KOSEF,True,False,False
270800,2,KBSTAR KQ고배당,15990,5,-135,-0.84,15998.0,-0.7998,1115,17,112,국내 업종/테마,KBSTAR,False,False,False
316300,7,KINDEX 싱가포르리츠,12370,2,30,0.24,,3.6974,1946,24,111,기타,KINDEX,False,False,False
225030,4,TIGER 미국S&P500선물인버스(H),3750,2,20,0.54,,-6.399,22459,84,109,해외 주식,TIGER,True,False,True
101280,4,KODEX 일본TOPIX100,18040,3,0,0.0,,12.189,2431,43,108,해외 주식,KODEX,False,False,False
285000,2,KBSTAR 200IT,16280,5,-60,-0.37,16306.0,-0.2443,918,14,107,국내 업종/테마,KBSTAR,False,False,False
289250,2,TIGER MSCI KOREA ESG유니버설,12290,2,15,0.12,12286.0,-4.6602,108,1,107,국내 업종/테마,TIGER,False,False,False
352540,7,KODEX TSE일본리츠(H),13350,5,-100,-0.74,,-0.1114,161,2,107,기타,KODEX,False,False,True
253230,3,KOSEF 200선물인버스2X,2070,5,-10,-0.48,2079.0,8.3333,87525,182,106,국내 파생,KOSEF,True,False,False
108590,1,TREX 200,41840,2,95,0.23,41847.0,-3.9130000000000003,36,1,105,국내 시장지수,TREX,False,False,False
145850,2,TREX 펀더멘탈 200,41345,2,235,0.57,41325.0,-4.2172,31,1,103,국내 업종/테마,TREX,False,False,False
275290,2,KODEX MSCI밸류,12915,2,5,0.04,12985.0,-4.9338,1,0,103,국내 업종/테마,KODEX,False,False,False
337120,2,KODEX Fn멀티팩터,14675,3,0,0.0,14665.0,-3.0073,1711,25,103,국내 업종/테마,KODEX,False,False,False
300950,2,KODEX 게임산업,12775,5,-45,-0.35,12760.0,-4.7902,12144,155,102,국내 업종/테마,KODEX,False,False,False
368200,2,KBSTAR Fn K-뉴딜디지털플러스,12650,5,-190,-1.48,12665.0,0.5481,1202,15,101,국내 업종/테마,KBSTAR,False,False,False
375270,7,KBSTAR 글로벌데이터센터리츠나스닥(합성),12645,5,-155,-1.21,,8.0168,5359,67,101,기타,KBSTAR,False,False,False
342140,7,KINDEX 모닝스타싱가포르리츠채권혼합,10115,5,-90,-0.88,,2.3057,27,0,101,기타,KINDEX,False,False,False
152500,3,KINDEX 레버리지,10075,2,15,0.15,10097.0,-9.5324,10033,100,101,국내 파생,KINDEX,False,True,False
225060,4,TIGER 이머징마켓MSCI레버리지(합성 H),14245,5,-210,-1.45,,-11.0462,220,3,100,해외 주식,TIGER,False,True,True
271060,5,KODEX 3대농산물선물(H),10380,2,50,0.48,,-13.0472,5719,59,100,원자재,KODEX,False,False,True
395150,2,KODEX Fn웹툰&드라마,8910,5,-130,-1.44,8909.0,,105144,933,98,국내 업종/테마,KODEX,False,False,False
381570,2,HANARO Fn친환경에너지,10855,2,65,0.6,10855.0,10.4401,53517,579,98,국내 업종/테마,HANARO,False,False,False
105780,2,KBSTAR 5대그룹주,8075,5,-70,-0.86,8106.0,-4.0071,7898,63,97,국내 업종/테마,KBSTAR,False,False,False
227830,1,ARIRANG 코스피,32185,2,20,0.06,32194.0,-1.8163,93,2,97,국내 시장지수,ARIRANG,False,False,False
364690,1,KODEX 혁신기술테마액티브,13610,5,-30,-0.22,13637.0,-2.2223,2471,33,95,국내 시장지수,KODEX,False,False,False
156080,1,KODEX MSCI Korea,19020,5,-80,-0.42,19156.0,-4.5,14,0,95,국내 시장지수,KODEX,False,False,False
226380,2,KINDEX Fn성장소비주도주,7880,5,-80,-1.01,7890.0,-5.7431,10996,86,95,국내 업종/테마,KINDEX,False,False,False
272230,2,KINDEX 스마트밸류,15750,2,25,0.16,15740.0,-3.9402,27,0,95,국내 업종/테마,KINDEX,False,False,False
322120,2,KINDEX 스마트퀄리티,18615,2,5,0.03,18608.0,-3.6999,235,4,93,국내 업종/테마,KINDEX,False,False,False
261060,2,TIGER 코스닥150IT,16520,2,20,0.12,16521.0,0.3039,3132,51,93,국내 업종/테마,TIGER,False,False,False
266390,2,KODEX 경기소비재,13190,5,-165,-1.24,13237.0,1.2509,674,8,92,국내 업종/테마,KODEX,False,False,False
226980,1,KODEX 200 중소형,15295,2,20,0.13,15304.0,1.8672,3767,57,92,국내 시장지수,KODEX,False,False,False
167860,6,KOSEF 국고채10년레버리지,130790,5,-740,-0.56,130802.0,1.9533,15,1,92,채권,KOSEF,False,True,False
189400,4,ARIRANG 글로벌MSCI(합성 H),17915,5,-130,-0.72,,3.5581,120,2,91,해외 주식,ARIRANG,False,False,True
322150,2,KINDEX 스마트하이베타,15105,5,-80,-0.53,15176.0,-3.1260000000000003,23,0,91,국내 업종/테마,KINDEX,False,False,False
137930,3,마이다스 200커버드콜5%OTM,15050,5,-5,-0.03,15074.0,-3.4936,3,0,90,국내 파생,마이다스,False,False,False
205720,4,KINDEX 일본TOPIX인버스(합성 H),4085,2,20,0.49,,-6.8729,68010,276,90,해외 주식,KINDEX,True,False,True
380340,2,KINDEX Fn5G플러스,8955,5,-35,-0.39,8969.0,-0.1112,7739,69,90,국내 업종/테마,KINDEX,False,False,False
261120,7,TIGER 미국달러선물인버스2X,8920,5,-140,-1.55,8933.0,-8.9905,328,2,89,기타,TIGER,True,False,False
251890,1,KINDEX 코스닥(합성),14860,3,0,0.0,14721.0,4.6847,0,0,89,국내 시장지수,KINDEX,False,False,False
131890,2,KINDEX 삼성그룹동일가중,17765,5,-95,-0.53,17818.0,-0.3071,212,3,89,국내 업종/테마,KINDEX,False,False,False
104530,2,KOSEF 고배당,9830,5,-25,-0.25,9828.0,9.8662,10417,102,88,국내 업종/테마,KOSEF,False,False,False
183710,7,KBSTAR 주식혼합,43830,2,80,0.18,43906.0,-3.4856,13,0,88,기타,KBSTAR,False,False,False
272220,2,KINDEX 스마트모멘텀,17525,5,-15,-0.09,17521.0,-3.6793,20,0,88,국내 업종/테마,KINDEX,False,False,False
159800,1,마이티 코스피100,31010,3,0,0.0,31023.0,-4.4671,1,0,87,국내 시장지수,마이티,False,False,False
394340,4,KOSEF 릭소글로벌디지털경제MSCI,10710,5,-45,-0.42,,,247,2,86,해외 주식,KOSEF,False,False,False
168300,1,KTOP 코스피50,28535,5,-110,-0.38,28689.0,-4.6756,182,5,86,국내 시장지수,KTOP,False,False,False
291130,4,KINDEX 멕시코MSCI(합성),10685,2,95,0.9,,6.4856,1151,12,85,해외 주식,KINDEX,False,False,False
322130,2,KINDEX 스마트로우볼,17055,2,25,0.15,17050.0,-4.2183,20,0,85,국내 업종/테마,KINDEX,False,False,False
256450,4,ARIRANG 심천차이넥스트(합성),14200,3,0,0.0,,1.2477,1366,19,85,해외 주식,ARIRANG,False,False,False
291630,3,KOSEF 코스닥150선물레버리지,6975,5,-150,-2.11,6968.0,15.8536,291,2,84,국내 파생,KOSEF,False,True,False
292560,7,TIGER 일본엔선물,10520,2,35,0.33,10534.0,4.1211,5190,54,84,기타,TIGER,False,False,False
253280,2,KBSTAR 헬스케어,16810,5,-185,-1.09,16810.0,6.2519,9408,157,84,국내 업종/테마,KBSTAR,False,False,False
307510,2,TIGER 의료기기,20980,5,-515,-2.4,21063.0,13.6399,2391,50,84,국내 업종/테마,TIGER,False,False,False
261140,2,TIGER 우선주,13960,5,-90,-0.64,13987.0,-6.7994,777,10,84,국내 업종/테마,TIGER,False,False,False
333970,2,ARIRANG KS밸류가중TR,16695,2,70,0.42,16696.0,-1.2181,22,0,83,국내 업종/테마,ARIRANG,False,False,False
277650,2,TIGER 코스피중형주,18340,3,0,0.0,18352.0,1.41,2576,47,83,국내 업종/테마,TIGER,False,False,False
354240,7,KBSTAR 미국고정배당우선증권ICE TR,10825,2,15,0.14,,5.8765,953,10,81,기타,KBSTAR,False,False,False
275280,2,KODEX MSCI모멘텀,13480,3,0,0.0,13540.0,-2.1061,0,0,81,국내 업종/테마,KODEX,False,False,False
379790,4,KBSTAR 유로스탁스50(H),10685,5,-25,-0.23,,2.2434,957,10,80,해외 주식,KBSTAR,False,False,True
319870,2,KBSTAR KRX300미국달러선물혼합,15945,2,120,0.76,15906.0,0.8925,628,9,80,국내 업종/테마,KBSTAR,False,False,False
234310,2,KBSTAR V&S셀렉트밸류,15910,5,-40,-0.25,15966.0,-1.2079,84,1,80,국내 업종/테마,KBSTAR,False,False,False
138920,5,KODEX 콩선물(H),11330,2,90,0.8,,-14.0345,2531,28,79,원자재,KODEX,False,False,True
289670,6,ARIRANG 국채선물10년,56615,3,0,0.0,56597.0,0.8012,0,0,79,채권,ARIRANG,False,False,False
305050,1,KINDEX 코스피,31650,2,30,0.09,31630.0,-2.9913,122,3,79,국내 시장지수,KINDEX,False,False,False
252650,1,KODEX 200동일가중,13105,2,30,0.23,13107.0,-1.7287,1837,24,79,국내 시장지수,KODEX,False,False,False
271050,5,KODEX WTI원유선물인버스(H),8435,5,-205,-2.37,,-2.5381,74289,627,78,원자재,KODEX,True,False,True
228820,1,TIGER KTOP30,11125,5,-25,-0.22,11144.0,-2.4071,606,6,78,국내 시장지수,TIGER,False,False,False
346000,6,HANARO KAP초장기국고채,46835,2,10,0.02,46832.0,2.4392,11018,516,78,채권,HANARO,False,False,False
371150,4,KBSTAR 차이나항셍테크,8585,5,-185,-2.11,,-11.8593,42615,368,77,해외 주식,KBSTAR,False,False,False
244660,2,KODEX 퀄리티Plus,10995,5,-60,-0.54,11000.0,-6.1545,202,2,77,국내 업종/테마,KODEX,False,False,False
395270,2,HANARO Fn K-반도체,9595,2,35,0.37,9610.0,,14485,138,77,국내 업종/테마,HANARO,False,False,False
166400,3,TIGER 200커버드콜5%OTM,15205,5,-20,-0.13,15255.0,-4.5156,1,0,76,국내 파생,TIGER,False,False,False
139320,5,TIGER 금은선물(H),9500,5,-60,-0.63,,-5.8129,3561,33,76,원자재,TIGER,False,False,True
368470,2,KINDEX Fn K-뉴딜디지털플러스,15070,5,-260,-1.7,15122.0,0.1306,408,6,75,국내 업종/테마,KINDEX,False,False,False
105010,4,TIGER 라틴35,3575,5,-20,-0.56,,-4.6419999999999995,9233,33,75,해외 주식,TIGER,False,False,False
252730,2,KBSTAR 모멘텀로우볼,16630,2,115,0.7,16614.0,-0.6019,10,0,75,국내 업종/테마,KBSTAR,False,False,False
395170,2,KODEX Fn Top10동일가중,9350,5,-155,-1.63,9377.0,,23382,218,75,국내 업종/테마,KODEX,False,False,False
397420,6,KBSTAR 국채선물5년추종,49765,5,-10,-0.02,49715.0,,18,0,75,채권,KBSTAR,False,False,False
391670,1,HK 베스트일레븐액티브,9940,5,-5,-0.05,9937.0,,1148,11,75,국내 시장지수,HK,False,False,False
250730,4,KBSTAR 차이나HSCEI(H),10585,5,-210,-1.95,,-11.6251,10004,106,74,해외 주식,KBSTAR,False,False,True
333960,2,ARIRANG KS모멘텀가중TR,16270,5,-25,-0.15,16308.0,-1.985,25,0,73,국내 업종/테마,ARIRANG,False,False,False
306530,3,HANARO 코스닥150선물레버리지,14065,5,-315,-2.19,14056.0,15.8742,126,1,73,국내 파생,HANARO,False,True,False
174350,2,TIGER 로우볼,12565,2,10,0.08,12565.0,0.44,63,0,73,국내 업종/테마,TIGER,False,False,False
298340,6,ARIRANG 국채선물3년,53445,5,-50,-0.09,53443.0,-0.1494,9,0,73,채권,ARIRANG,False,False,False
117690,4,TIGER 차이나항셍25,16100,5,-350,-2.13,,-4.1376,3287,53,72,해외 주식,TIGER,False,False,False
395290,2,HANARO Fn K-POP&미디어,9020,5,-140,-1.53,9042.0,,2067,18,72,국내 업종/테마,HANARO,False,False,False
307520,2,TIGER 지주회사,12025,5,-35,-0.29,12069.0,-8.4283,3598,43,72,국내 업종/테마,TIGER,False,False,False
300610,2,TIGER K게임,13115,2,35,0.27,13153.0,-0.2289,3534,46,72,국내 업종/테마,TIGER,False,False,False
373790,4,KOSEF 미국방어배당성장나스닥,11995,5,-25,-0.21,,10.4779,335,4,72,해외 주식,KOSEF,False,False,False
373490,2,KODEX K-이노베이션액티브,11035,5,-25,-0.23,11094.0,-2.5122,311,3,72,국내 업종/테마,KODEX,False,False,False
281990,2,KBSTAR 중소형고배당,12935,2,45,0.35,12945.0,2.3421,42922,555,71,국내 업종/테마,KBSTAR,False,False,False
391680,1,HK 하이볼액티브,9480,2,5,0.05,9481.0,,1434,13,71,국내 시장지수,HK,False,False,False
314700,2,HANARO 농업융복합산업,12845,5,-5,-0.04,12894.0,-2.0953,884,11,71,국내 업종/테마,HANARO,False,False,False
261110,7,TIGER 미국달러선물레버리지,10060,2,130,1.31,10058.0,9.1808,1226,12,70,기타,TIGER,False,True,False
302170,6,TIGER 국채선물3년인버스,49890,3,0,0.0,49940.0,0.2713,0,0,70,채권,TIGER,True,False,False
237440,7,TIGER 경기방어채권혼합,9960,5,-20,-0.2,9964.0,-1.1392,1296,12,70,기타,TIGER,False,False,False
238670,7,ARIRANG 스마트베타Quality채권혼합,11335,5,-20,-0.18,11346.0,-0.6997,277,3,68,기타,ARIRANG,False,False,False
277640,2,TIGER 코스피대형주,15105,2,30,0.2,15111.0,-4.5887,3034,45,68,국내 업종/테마,TIGER,False,False,False
213610,2,KODEX 삼성그룹밸류,9605,2,10,0.1,9635.0,-1.5393,1098,10,67,국내 업종/테마,KODEX,False,False,False
289480,2,TIGER 200커버드콜ATM,11190,2,25,0.22,11178.0,-1.4998,17,0,67,국내 업종/테마,TIGER,False,False,False
192720,2,파워 고배당저변동성,31885,5,-140,-0.44,32014.0,0.2033,4115,131,67,국내 업종/테마,파워,False,False,False
301440,2,ARIRANG 코스피중형주,13390,5,-75,-0.56,13449.0,1.393,72,0,67,국내 업종/테마,ARIRANG,False,False,False
252000,1,TIGER 200동일가중,13285,3,0,0.0,13365.0,-2.0281,0,0,66,국내 시장지수,TIGER,False,False,False
269370,4,TIGER S&P글로벌인프라(합성),10995,5,-60,-0.54,,3.9883,317,3,66,해외 주식,TIGER,False,False,False
373530,4,ARIRANG 신흥국MSCI인버스(합성 H),9145,2,160,1.78,,2.3931,146,1,66,해외 주식,ARIRANG,True,False,True
139290,2,TIGER 200 경기소비재,18205,5,-105,-0.57,18238.0,-8.9055,832,15,66,국내 업종/테마,TIGER,False,False,False
140570,2,KBSTAR 수출주,13095,2,90,0.69,13096.0,-3.9868,15706,204,65,국내 업종/테마,KBSTAR,False,False,False
304670,4,KODEX 미국채울트라30년선물인버스(H),7215,5,-5,-0.07,,-5.8671,1621,11,65,해외 주식,KODEX,True,False,True
195970,4,ARIRANG 선진국MSCI(합성 H),12475,5,-110,-0.87,,1.0032,9771,122,65,해외 주식,ARIRANG,False,False,True
376250,2,ARIRANG 탄소효율그린뉴딜,9950,2,10,0.1,9950.0,-2.6445,661,6,65,국내 업종/테마,ARIRANG,False,False,False
333940,2,ARIRANG KS로우볼가중TR,13940,2,25,0.18,13990.0,-2.7943,24,0,63,국내 업종/테마,ARIRANG,False,False,False
292340,2,마이티 200커버드콜ATM레버리지,10445,3,0,0.0,10492.0,-3.3766,0,0,63,국내 업종/테마,마이티,False,True,False
333950,2,ARIRANG KS로우사이즈가중TR,17885,2,15,0.08,17884.0,0.365,20,0,63,국내 업종/테마,ARIRANG,False,False,False
147970,2,TIGER 모멘텀,26035,2,75,0.29,26033.0,3.1796,557,14,62,국내 업종/테마,TIGER,False,False,False
145670,3,KINDEX 인버스,4790,5,-10,-0.21,4804.0,4.4613,20802,99,62,국내 파생,KINDEX,True,False,False
342600,6,KBSTAR KRX국채선물3년10년스티프너2X,51840,2,35,0.07,51839.0,-1.06,6,0,62,채권,KBSTAR,False,False,False
342500,6,KBSTAR KRX국채선물3년10년스티프너,51235,2,20,0.04,51226.0,-0.4084,7,0,61,채권,KBSTAR,False,False,False
261260,7,KODEX 미국달러선물인버스2X,8980,5,-95,-1.05,8977.0,-9.2047,42346,380,61,기타,KODEX,True,False,False
215620,2,HK S&P코리아로우볼,12670,5,-40,-0.31,12664.0,-0.3529,217,2,61,국내 업종/테마,HK,False,False,False
176710,6,파워 중기국고채,99760,3,0,0.0,99715.0,-0.1891,0,0,60,채권,파워,False,False,False
342610,6,KBSTAR KRX국채선물3년10년플래트너,49835,5,-15,-0.03,49820.0,0.6663,6,0,60,채권,KBSTAR,False,False,False
269530,4,ARIRANG S&P글로벌인프라,11875,2,5,0.04,,3.3072,462,5,59,해외 주식,ARIRANG,False,False,False
290080,2,KBSTAR 200고배당커버드콜ATM,8445,5,-5,-0.06,8442.0,2.5485,396,3,59,국내 업종/테마,KBSTAR,False,False,False
267440,4,KBSTAR 미국장기국채선물(H),11800,5,-10,-0.08,,3.6419,84,0,59,해외 주식,KBSTAR,False,False,True
342620,6,KBSTAR KRX국채선물3년10년플래트너2X,49040,5,-20,-0.04,49044.0,1.0296,6,0,59,채권,KBSTAR,False,False,False
220130,4,SOL 중국본토 중소형 CSI500(합성 H),6535,2,25,0.38,,14.1104,4099,26,59,해외 주식,SOL,False,False,True
098560,2,TIGER 방송통신,10485,5,-110,-1.04,10481.0,3.2148,5218,54,59,국내 업종/테마,TIGER,False,False,False
395280,2,HANARO Fn K-게임,8380,5,-80,-0.95,8381.0,,502,4,59,국내 업종/테마,HANARO,False,False,False
302180,6,TIGER 국채선물10년인버스,48190,3,0,0.0,48217.0,-0.7722,0,0,58,채권,TIGER,True,False,False
315480,2,KBSTAR 200커뮤니케이션서비스,19185,5,-425,-2.17,19262.0,-6.4855,4784,92,58,국내 업종/테마,KBSTAR,False,False,False
261920,4,KINDEX 필리핀MSCI(합성),14100,2,60,0.43,,1.9607,92,1,56,해외 주식,KINDEX,False,False,False
321410,7,KODEX 멀티에셋하이인컴(H),11060,2,45,0.41,,1.9907,3983,43,55,기타,KODEX,False,False,True
275300,2,KODEX MSCI퀄리티,10730,5,-95,-0.88,10736.0,1.2155,9123,97,54,국내 업종/테마,KODEX,False,False,False
291680,4,KBSTAR 차이나H선물인버스(H),10695,2,195,1.86,,10.935,1663,17,53,해외 주식,KBSTAR,True,False,True
139310,5,TIGER 금속선물(H),7395,2,145,2.0,,3.9426,9046,66,52,원자재,TIGER,False,False,True
261270,7,KODEX 미국달러선물인버스,9745,5,-45,-0.46,9742.0,-4.6274,10291,100,52,기타,KODEX,True,False,False
285010,2,KBSTAR 200중공업,10625,3,0,0.0,10622.0,-11.8989,5187,54,51,국내 업종/테마,KBSTAR,False,False,False
371870,4,KINDEX 차이나항셍테크,8500,5,-160,-1.85,,-11.8127,45891,391,51,해외 주식,KINDEX,False,False,False
292770,6,KODEX 국채선물3년인버스,49825,3,0,0.0,49873.0,0.3524,0,0,51,채권,KODEX,True,False,False
299080,6,KINDEX 국채선물3년인버스,99655,3,0,0.0,99767.0,0.3069,0,0,50,채권,KINDEX,True,False,False
315270,2,TIGER 200커뮤니케이션서비스,31090,5,-405,-1.29,31092.0,-6.9847,1369,42,50,국내 업종/테마,TIGER,False,False,False
334690,5,KBSTAR 팔라듐선물(H),12160,5,-480,-3.8,,-21.2462,21105,257,49,원자재,KBSTAR,False,False,True
157500,2,TIGER 증권,4815,5,-60,-1.23,4832.0,-2.3047,5123,24,48,국내 업종/테마,TIGER,False,False,False
309210,2,ARIRANG KRX300헬스케어,13275,5,-200,-1.48,13379.0,2.5104,1233,16,48,국내 업종/테마,ARIRANG,False,False,False
299070,6,KINDEX 국채선물10년인버스,94870,3,0,0.0,95155.0,-0.9863,0,0,47,채권,KINDEX,True,False,False
301410,3,ARIRANG 코스닥150선물인버스,6740,2,75,1.13,6730.0,-8.2588,5203,34,47,국내 파생,ARIRANG,True,False,False
275750,1,KBSTAR 코스닥150선물인버스,4475,2,45,1.02,4485.0,-8.4711,9178,41,47,국내 시장지수,KBSTAR,True,False,False
280920,2,ARIRANG 주도업종,11665,5,-75,-0.64,11660.0,-1.7574,137,1,47,국내 업종/테마,ARIRANG,False,False,False
217790,2,TIGER 가격조정,25735,5,-55,-0.21,25744.0,-1.2445,7802,200,46,국내 업종/테마,TIGER,False,False,False
287300,2,KBSTAR 200건설,13150,5,-60,-0.45,13206.0,-1.1228,872,11,45,국내 업종/테마,KBSTAR,False,False,False
266550,2,ARIRANG 중형주저변동50,12635,2,20,0.16,12627.0,2.8117,102,1,44,국내 업종/테마,ARIRANG,False,False,False
280940,4,KODEX 골드선물인버스(H),7255,2,25,0.35,,4.1786,6686,48,44,해외 주식,KODEX,True,False,True
267490,4,KBSTAR 미국장기국채선물레버리지(합성 H),13940,2,35,0.25,,11.329,2,0,42,해외 주식,KBSTAR,False,True,True
253240,3,KOSEF 200선물인버스,5080,5,-10,-0.2,5078.0,3.9836,8867,45,42,국내 파생,KOSEF,True,False,False
291620,3,KOSEF 코스닥150선물인버스,7720,2,80,1.05,7720.0,-8.1179,36343,280,41,국내 파생,KOSEF,True,False,False
333980,2,ARIRANG KS퀄리티가중TR,16060,5,-15,-0.09,16060.0,0.5001,23,0,40,국내 업종/테마,ARIRANG,False,False,False
227550,2,TIGER 200 산업재,7155,3,0,0.0,7153.0,-6.5317,3413,24,40,국내 업종/테마,TIGER,False,False,False
278420,2,ARIRANG ESG우수기업,9965,2,65,0.66,10002.0,-0.3022,7332,72,40,국내 업종/테마,ARIRANG,False,False,False
227560,2,TIGER 200 생활소비재,11070,2,25,0.23,11066.0,-10.4944,2356,25,40,국내 업종/테마,TIGER,False,False,False
295020,6,KBSTAR 국채선물10년인버스,47430,2,75,0.16,47472.0,-1.0138,16,0,40,채권,KBSTAR,True,False,False
267450,4,KBSTAR 미국장기국채선물인버스(H),7835,2,5,0.06,,-4.454,4155,32,39,해외 주식,KBSTAR,True,False,True
217770,4,TIGER 원유선물인버스(H),5870,5,-125,-2.09,,-3.6948,12542,73,38,해외 주식,TIGER,True,False,True
140580,2,KBSTAR 우량업종,12615,2,25,0.2,12596.0,-6.4289,14,0,38,국내 업종/테마,KBSTAR,False,False,False
284990,2,KBSTAR 200에너지화학,14150,2,140,1.0,14202.0,2.9012,1840,25,37,국내 업종/테마,KBSTAR,False,False,False
285020,2,KBSTAR 200철강소재,10185,2,275,2.77,10189.0,3.1754,10800,108,33,국내 업종/테마,KBSTAR,False,False,False
267500,4,KBSTAR 미국장기국채선물인버스2X(합성 H),5760,2,15,0.26,,-11.8866,1997,11,32,해외 주식,KBSTAR,True,False,True
291890,4,KODEX MSCI EM선물(H),10395,5,-180,-1.7,,-4.0382,393,4,31,해외 주식,KODEX,False,False,True
284980,2,KBSTAR 200금융,8855,5,-20,-0.23,8865.0,-4.5186,1201,10,30,국내 업종/테마,KBSTAR,False,False,False
252720,2,KBSTAR 모멘텀밸류,14955,2,145,0.98,14951.0,-3.5808,103,1,30,국내 업종/테마,KBSTAR,False,False,False
301400,1,ARIRANG 코스닥150,14810,5,-140,-0.94,14956.0,6.6714,60,0,30,국내 시장지수,ARIRANG,False,False,False
295000,6,KBSTAR 국채선물10년,55760,5,-35,-0.06,55673.0,0.9498,16,0,26,채권,KBSTAR,False,False,False
334700,5,KBSTAR 팔라듐선물인버스(H),5390,2,125,2.37,,20.0684,610,3,22,원자재,KBSTAR,True,False,True
287330,2,KBSTAR 200생활소비재,8430,2,10,0.12,8439.0,-10.0908,473,3,20,국내 업종/테마,KBSTAR,False,False,False
211260,2,KINDEX 배당성장,41265,2,5,0.01,41268.0,5.3088,92,3,17,국내 업종/테마,KINDEX,False,False,False
287310,2,KBSTAR 200경기소비재,11320,5,-25,-0.22,11303.0,-8.545,274,3,16,국내 업종/테마,KBSTAR,False,False,False
287320,2,KBSTAR 200산업재,12745,5,-10,-0.08,12769.0,-6.6252,68,0,15,국내 업종/테마,KBSTAR,False,False,False
295820,1,ARIRANG 200동일가중,12055,2,20,0.17,12038.0,-1.0687,73,0,12,국내 시장지수,ARIRANG,False,False,False
